name,date,iata,seatNumber,cabinClass
Alice,1990-02-15,US,12A,E
Bob,1988-08-01,IN,17C,B
Carlos,1975-11-30,BR,22F,C
Priya,2001-05-21,AE,7D,F
Fatima,1994-07-09,PK,19B,E
Sarah,1982-06-24,GB,23C,A
Eva,1999-03-10,DE,15A,B
John,1978-12-02,CN,10E,D
Jack,1986-01-03,FR,18B,C
Karina,1990-04-22,CA,14C,A
Abhi,1996-10-16,AU,27D,F
Gary,1984-09-13,RU,6A,E
Eve,2000-08-29,JP,21F,B
Himanshu,1992-11-17,ZA,24C,C
David,1987-02-05,IT,16A,D
Priya,1993-12-01,MX,20E,A
Alice,1985-03-14,NL,11B,F
Bob,1997-07-27,KR,28C,E
Carlos,1991-10-08,ES,13A,B
Fatima,1979-05-15,TR,22C,C
Sarah,1980-08-20,ID,19F,A
Eva,1995-02-28,PL,14D,F
John,1983-06-11,PH,12B,E
Jack,1998-09-19,SA,25A,B
Karina,1990-12-25,VN,17F,C
Abhi,1986-04-03,EG,15C,A
Gary,1994-07-19,TH,20A,F
Eve,1987-11-22,MY,13B,E
Himanshu,2002-03-30,SG,8C,B
David,1976-05-16,NG,11A,C
Priya,1989-07-21,AR,21B,A
Alice,1993-10-02,CO,16F,D
Bob,1984-12-12,CL,23A,F
Carlos,1999-05-06,UA,27C,E
Fatima,1982-09-18,RO,19D,B
Sarah,1995-01-29,SE,10F,C
Eva,1997-02-08,NO,14A,A
John,2000-05-25,FI,20C,F
Jack,1978-08-13,HU,17B,E
Karina,1988-04-04,IE,13F,B
Abhi,1991-06-17,DK,11C,C
Gary,1985-11-29,GR,15A,A
Eve,1994-03-03,CH,22C,F
Himanshu,2001-09-27,BE,19B,E
David,1980-12-31,AT,14F,B
Priya,1996-02-18,PT,25C,C
Alice,1983-07-22,CZ,12A,A
Bob,1990-11-02,IL,16B,F
Carlos,1987-06-09,RS,21D,E
Fatima,1992-09-13,HR,18A,B
Sarah,1979-03-21,SI,14C,C
Eva,2002-05-10,SK,20F,A
John,1986-07-05,LT,13A,B
Jack,1994-10-15,LV,17C,F
Karina,1989-12-07,EE,11B,E
Abhi,1993-06-26,LU,15D,B
Gary,1977-08-31,MT,23A,C
Eve,1998-01-19,CY,19F,A
Himanshu,1985-05-25,BG,14C,F
David,1997-09-02,MK,20B,E
Priya,1982-11-14,AL,17A,B
Alice,1991-04-08,BA,22D,C
Bob,2000-06-13,ME,11F,A
Carlos,1995-09-29,XK,16B,F
Fatima,1990-03-18,MD,21F,E
Sarah,1988-08-07,BY,13C,B
Eva,1984-05-16,IS,18A,C
John,1996-02-21,AD,12D,A
Jack,1975-12-28,MC,19B,F
Karina,1999-03-01,SM,14A,E
Abhi,1983-07-30,VA,17C,B
Gary,1998-11-13,LI,21A,C
Eve,1992-05-24,GI,15F,A
Himanshu,1987-10-09,IM,20B,F
David,1994-01-03,JE,13A,E
Priya,1986-09-26,GG,18C,B
Alice,2001-02-15,FO,12A,C
Bob,1993-06-30,GL,24F,A
Carlos,1979-11-10,PM,17B,F
Fatima,1981-03-01,MF,20C,E
Sarah,1996-07-06,GP,19A,B
Eva,1988-09-15,MQ,15D,C
John,1994-04-28,BL,11F,A
Jack,1982-12-19,GF,13C,F
Karina,2002-05-11,PF,18A,E
Abhi,1990-08-23,NC,12D,B
Gary,1991-01-06,WF,25C,C
Eve,1985-10-14,CK,20A,A
Himanshu,1997-03-29,NU,14C,F
David,1986-08-11,TK,18A,E
Priya,1995-05-19,TV,12F,B
Alice,1978-04-03,TO,17C,C
Bob,1992-08-18,FJ,20A,A
Carlos,2000-01-01,VU,15B,F
Fatima,1984-11-21,SB,23D,E
Sarah,1999-07-17,WS,19A,B
Eva,1987-05-29,KI,14F,C
John,1991-11-08,NR,16A,A
Jack,1993-01-22,MH,21C,F
Karina,1989-06-30,FM,13A,E
Abhi,1998-02-14,PW,18C,B
Gary,1982-03-07,GU,15A,C
Eve,2001-06-21,MP,20D,A
Himanshu,1988-09-27,AS,11C,F
David,1994-12-19,UM,14A,E
Priya,1986-02-04,VI,17F,B
Alice,1995-05-13,PR,13B,C
Bob,1983-10-25,VG,20C,A
Carlos,1989-02-28,AI,16A,F
Fatima,1996-07-11,AG,12D,E
Sarah,1981-01-03,LC,19B,B
Eva,1999-04-16,VC,15A,C
John,1985-08-22,GD,21F,A
Jack,1992-11-29,DM,17C,F
Karina,1990-03-07,KN,13B,E
Abhi,1987-06-14,BB,20A,B
Gary,1994-10-19,TT,14D,C
Eve,1988-05-26,JM,18C,A
Himanshu,2000-09-08,HT,11A,F
David,1984-12-15,DO,16F,E
Priya,1991-04-01,CU,22B,B
Alice,1986-08-18,BS,19C,C
Bob,1998-01-30,BZ,15A,A
Carlos,1982-06-05,GT,13D,F
Fatima,1997-11-12,HN,20B,E
Sarah,1993-03-24,MX,17A,B
Eva,1980-07-09,NI,14C,C
John,1995-12-31,CR,21F,A
Jack,1989-05-17,PA,12A,F
Karina,1996-09-03,SV,18B,E
Abhi,1983-02-14,TC,16C,B
Gary,1999-06-28,KY,15A,C
Eve,1985-11-04,MS,20D,A
Himanshu,1992-01-21,BM,13F,F
David,1988-04-15,AW,19A,E
Priya,1994-08-27,CW,14B,B
Alice,1981-12-08,SX,17C,C
Bob,1997-07-20,BQ,11A,A
Carlos,1990-10-26,US,22F,F
Fatima,1986-03-13,CA,20B,E
Sarah,2001-05-29,MX,15C,B
Eva,1987-09-15,BR,18A,C
John,1995-02-02,AR,13D,A
Jack,1991-06-18,CO,16F,F
Karina,1984-11-24,CL,19B,E
Abhi,1998-04-07,PE,14A,B
Gary,1982-08-12,UY,21C,C
Eve,1999-01-28,PY,17F,A
Himanshu,1985-05-05,BO,12B,F
David,1993-09-11,EC,20A,E
Priya,1989-12-27,VE,15D,B
Alice,1996-08-14,GY,18C,C
Bob,1980-01-19,SR,13A,A
Carlos,1987-04-25,FK,16B,F
Fatima,1994-07-31,GF,22F,E
Sarah,1991-11-06,AD,19C,B
Eva,1988-02-17,AE,14A,C
John,1995-06-23,AF,17D,A
Jack,1982-10-29,AG,21B,F
Karina,1999-03-06,AI,15F,E
Abhi,1986-07-12,AL,20C,B
Gary,1993-12-18,AM,13A,C
Eve,1990-05-24,AO,18B,A
Himanshu,1987-09-30,AQ,16F,F
David,1994-02-05,AR,12D,E
Priya,1981-06-11,AS,19A,B
Alice,1998-11-17,AT,14C,C
Bob,1985-04-23,AU,17B,A
Carlos,1992-08-29,AW,21A,F
Fatima,1989-01-04,AZ,15F,E
Sarah,1996-05-10,BA,20C,B
Eva,1983-09-16,BB,13B,C
John,2000-02-21,BD,18A,A
Jack,1987-06-27,BE,16D,F
Karina,1994-11-03,BF,12F,E
Abhi,1991-03-09,BG,19B,B
Gary,1988-07-15,BH,14A,C
Eve,1995-12-21,BI,17C,A
Himanshu,1982-04-26,BJ,21F,F
David,1999-09-02,BL,15A,E
Priya,1986-01-08,BM,20B,B
Alice,1993-05-14,BN,13C,C
Bob,1990-10-20,BO,18A,A
Carlos,1987-02-25,BQ,16F,F
Fatima,1994-07-01,BR,12D,E
Sarah,1981-11-07,BS,19C,B
Eva,1998-04-13,BT,14A,C
John,1985-08-19,BW,17B,A
Jack,1992-12-25,BY,21F,F
Karina,1989-05-31,BZ,15C,E
Abhi,1996-10-06,CA,20A,B
Gary,1983-03-12,CC,13B,C
Eve,2000-07-18,CD,18F,A
Himanshu,1987-11-24,CF,16A,F
David,1994-04-30,CG,12C,E
Priya,1991-09-05,CH,19B,B
Alice,1988-01-11,CI,14F,C
Bob,1995-06-17,CK,17A,A
Carlos,1982-10-23,CL,21C,F
Fatima,1999-03-29,CM,15B,E
Sarah,1986-08-04,CN,20F,B
Eva,1993-12-10,CO,13A,C
John,1990-05-16,CR,18C,A
Jack,1987-09-22,CU,16B,F
Karina,1994-02-27,CV,12F,E
Abhi,1981-07-05,CW,19A,B
Gary,1998-11-11,CX,14C,C
Eve,1985-04-17,CY,17B,A
Himanshu,1992-08-23,CZ,21A,F
David,1989-01-28,DE,15F,E
Priya,1996-06-04,DJ,20C,B
Alice,1983-10-10,DK,13B,C
Bob,2000-03-16,DM,18A,A
Carlos,1987-07-22,DO,16F,F
Fatima,1994-11-28,DZ,12D,E
Sarah,1991-05-04,EC,19C,B
Eva,1988-09-10,EE,14A,C
John,1995-02-15,EG,17B,A
Jack,1982-06-21,EH,21F,F
Karina,1999-10-27,ER,15C,E
Abhi,1986-04-02,ES,20A,B
Gary,1993-08-08,ET,13B,C
Eve,1990-12-14,FI,18F,A
Himanshu,1987-05-20,FJ,16A,F
David,1994-09-26,FK,12C,E
Priya,1981-02-01,FM,19B,B
Alice,1998-06-07,FO,14F,C
Bob,1985-11-13,FR,17A,A
Carlos,1992-04-19,GA,21C,F
Fatima,1989-08-25,GB,15B,E
Sarah,1996-01-30,GD,20F,B
Eva,1983-06-06,GE,13A,C
John,2000-10-12,GF,18C,A
Jack,1987-03-18,GG,16B,F
Karina,1994-07-24,GH,12F,E
Abhi,1991-12-30,GI,19A,B
Gary,1988-06-05,GL,14C,C
Eve,1995-10-11,GM,17B,A
Himanshu,1982-03-17,GN,21A,F
David,1999-07-23,GP,15F,E
Priya,1986-12-29,GQ,20C,B
Alice,1993-06-04,GR,13B,C
Bob,1990-10-10,GS,18A,A
Carlos,1987-03-16,GT,16F,F
Fatima,1994-07-22,GU,12D,E
Sarah,1981-11-28,GW,19C,B
Eva,1998-05-04,GY,14A,C
John,1985-09-10,HK,17B,A
Jack,1992-02-15,HM,21F,F
Karina,1989-06-21,HN,15C,E
Abhi,1996-10-27,HR,20A,B
Gary,1983-04-02,HT,13B,C
Eve,2000-08-08,HU,18F,A
Himanshu,1987-12-14,ID,16A,F
David,1994-05-20,IE,12C,E
Priya,1991-09-26,IL,19B,B
Alice,1988-02-01,IM,14F,C
Bob,1995-06-07,IN,17A,A
Carlos,1982-11-13,IO,21C,F
Fatima,1999-04-19,IQ,15B,E
Sarah,1986-08-25,IR,20F,B
Eva,1993-01-30,IS,13A,C
John,1990-06-06,IT,18C,A
Jack,1987-10-12,JE,16B,F
Karina,1994-03-18,JM,12F,E
Abhi,1981-07-24,JO,19A,B
Gary,1998-12-30,JP,14C,C
Eve,1985-05-05,KE,17B,A
Himanshu,1992-09-11,KG,21A,F
David,1989-02-16,KH,15F,E
Priya,1996-06-22,KI,20C,B
Alice,1983-10-28,KM,13B,C
Bob,2000-04-03,KN,18A,A
Carlos,1987-08-09,KP,16F,F
Fatima,1994-12-15,KR,12D,E
Sarah,1991-05-21,KW,19C,B
Eva,1988-09-27,KY,14A,C
John,1995-03-03,KZ,17B,A
Jack,1982-07-09,LA,21F,F
Karina,1999-11-15,LB,15C,E
Abhi,1986-04-21,LC,20A,B
Gary,1993-08-27,LI,13B,C
Eve,1990-01-02,LK,18F,A
Himanshu,1987-05-08,LR,16A,F
David,1994-10-14,LS,12C,E
Priya,1981-03-20,LT,19B,B
Alice,1998-07-26,LU,14F,C
Bob,1985-12-01,LV,17A,A
Carlos,1992-05-07,LY,21C,F
Fatima,1989-09-13,MA,15B,E
Sarah,1996-02-18,MC,20F,B
Eva,1983-06-24,MD,13A,C
John,2000-11-30,ME,18C,A
Jack,1987-04-06,MF,16B,F
Karina,1994-08-12,MG,12F,E
Abhi,1991-01-17,MH,19A,B
Gary,1988-05-23,MK,14C,C
Eve,1995-09-29,ML,17B,A
Himanshu,1982-03-05,MM,21A,F
David,1999-07-11,MN,15F,E
Priya,1986-11-17,MO,20C,B
Alice,1993-04-23,MP,13B,C
Bob,1990-08-29,MQ,18A,A
Carlos,1987-02-03,MR,16F,F
Fatima,1994-06-09,MS,12D,E
Sarah,1981-10-15,MT,19C,B
Eva,1998-03-21,MU,14A,C
John,1985-07-27,MV,17B,A
Jack,1992-12-02,MW,21F,F
Karina,1989-05-08,MX,15C,E
Abhi,1996-09-14,MY,20A,B
Gary,1983-02-19,MZ,13B,C
Eve,2000-06-25,NA,18F,A
Himanshu,1987-11-01,NC,16A,F
David,1994-04-07,NE,12C,E
Priya,1991-08-13,NF,19B,B
Alice,1988-01-18,NG,14F,C
Bob,1995-05-24,NI,17A,A
Carlos,1982-09-30,NL,21C,F
Fatima,1999-03-06,NO,15B,E
Sarah,1986-07-12,NP,20F,B
Eva,1993-11-18,NR,13A,C
John,1990-04-24,NU,18C,A
Jack,1987-08-30,NZ,16B,F
Karina,1994-02-04,OM,12F,E
Abhi,1981-06-10,PA,19A,B
Gary,1998-10-16,PE,14C,C
Eve,1985-03-22,PF,17B,A
Himanshu,1992-07-28,PG,21A,F
David,1989-12-03,PH,15F,E
Priya,1996-05-09,PK,20C,B
Alice,1983-09-15,PL,13B,C
Bob,2000-02-20,PM,18A,A
Carlos,1987-06-26,PN,16F,F
Fatima,1994-11-02,PR,12D,E
Sarah,1991-04-08,PS,19C,B
Eva,1988-08-14,PT,14A,C
John,1995-01-20,PW,17B,A
Jack,1982-05-26,PY,21F,F
Karina,1999-10-01,QA,15C,E
Abhi,1986-03-07,RE,20A,B
Gary,1993-07-13,RO,13B,C
Eve,1990-11-19,RS,18F,A
Himanshu,1987-04-25,RU,16A,F
David,1994-09-01,RW,12C,E
Priya,1981-02-06,SA,19B,B
Alice,1998-06-12,SB,14F,C
Bob,1985-10-18,SC,17A,A
Carlos,1992-03-24,SD,21C,F
Fatima,1989-07-30,SE,15B,E
Sarah,1996-01-04,SG,20F,B
Eva,1983-05-10,SH,13A,C
John,2000-09-16,SI,18C,A
Jack,1987-02-21,SK,16B,F
Karina,1994-06-27,SL,12F,E
Abhi,1991-11-03,SM,19A,B
Gary,1988-04-09,SN,14C,C
Eve,1995-08-15,SO,17B,A
Himanshu,1982-01-20,SR,21A,F
David,1999-05-26,SS,15F,E
Priya,1986-10-02,ST,20C,B
Alice,1993-03-08,SV,13B,C
Bob,1990-07-14,SX,18A,A
Carlos,1987-12-20,SY,16F,F
Fatima,1994-05-26,SZ,12D,E
Sarah,1981-09-01,TC,19C,B
Eva,1998-02-07,TD,14A,C
John,1985-06-13,TF,17B,A
Jack,1992-10-19,TG,21F,F
Karina,1989-04-25,TH,15C,E
Abhi,1996-08-31,TJ,20A,B
Gary,1983-01-06,TK,13B,C
Eve,2000-05-12,TL,18F,A
Himanshu,1987-09-18,TM,16A,F
David,1994-02-23,TN,12C,E
Priya,1991-06-29,TO,19B,B
Alice,1988-11-05,TR,14F,C
Bob,1995-04-11,TT,17A,A
Carlos,1982-08-17,TV,21C,F
Fatima,1999-01-23,TW,15B,E
Sarah,1986-05-29,TZ,20F,B
Eva,1993-10-05,UA,13A,C
John,1990-03-11,UG,18C,A
Jack,1987-07-17,UM,16B,F
Karina,1994-12-23,US,12F,E
Abhi,1981-05-29,UY,19A,B
Gary,1998-09-04,UZ,14C,C
Eve,1985-02-10,VA,17B,A
Himanshu,1992-06-16,VC,21A,F
David,1989-10-22,VE,15F,E
Priya,1996-03-28,VG,20C,B
Alice,1983-08-03,VI,13B,C
Bob,2000-01-09,VN,18A,A
Carlos,1987-05-15,VU,16F,F
Fatima,1994-09-21,WF,12D,E
Sarah,1991-02-26,WS,19C,B
Eva,1988-07-04,XK,14A,C
John,1995-11-10,XP,17B,A
Jack,1982-04-16,YE,21F,F
Karina,1999-08-22,YT,15C,E
Abhi,1986-01-28,ZA,20A,B
Gary,1993-06-04,ZM,13B,C
Eve,1990-10-10,ZW,18F,A
Himanshu,1987-03-16,ZZ,16A,F
David,1994-07-22,AD,12C,E
Priya,1981-12-28,AE,19B,B
Alice,1998-05-04,AF,14F,C
Bob,1985-09-10,AG,17A,A
Carlos,1992-02-15,AI,21C,F
Fatima,1989-06-21,AL,15B,E
Sarah,1996-10-27,AM,20F,B
Eva,1983-04-02,AO,13A,C
John,2000-08-08,AQ,18C,A
Jack,1987-01-14,AR,16B,F
Karina,1994-05-20,AS,12F,E
Abhi,1991-09-26,AT,19A,B
Gary,1988-03-02,AU,14C,C
Eve,1995-07-08,AW,17B,A
Himanshu,1982-12-14,AZ,21A,F
David,1999-05-20,BA,15F,E
Priya,1986-09-26,BB,20C,B
Alice,1993-02-01,BD,13B,C
Bob,1990-06-07,BE,18A,A
Carlos,1987-11-13,BF,16F,F
Fatima,1994-04-19,BG,12D,E
Sarah,1981-08-25,BH,19C,B
Eva,1998-01-30,BI,14A,C
John,1985-06-06,BJ,17B,A
Jack,1992-10-12,BL,21F,F
Karina,1989-03-18,BM,15C,E
Abhi,1996-07-24,BN,20A,B
Gary,1983-12-30,BO,13B,C
Eve,2000-05-05,BQ,18F,A
Himanshu,1987-09-11,BR,16A,F
David,1994-02-16,BS,12C,E
Priya,1991-06-22,BT,19B,B
Alice,1988-10-28,BW,14F,C
Bob,1995-04-03,BY,17A,A
Carlos,1982-08-09,BZ,21C,F
Fatima,1999-01-15,CA,15B,E
Sarah,1986-05-21,CC,20F,B
Eva,1993-09-27,CD,13A,C
John,1990-03-03,CF,18C,A
Jack,1987-07-09,CG,16B,F
Karina,1994-11-15,CH,12F,E
Abhi,1981-04-21,CI,19A,B
Gary,1998-08-27,CK,14C,C
Eve,1985-02-02,CL,17B,A
Himanshu,1992-06-08,CM,21A,F
David,1989-10-14,CN,15F,E
Priya,1996-03-20,CO,20C,B
Alice,1983-07-26,CR,13B,C
Bob,2000-01-01,CU,18A,A
Carlos,1987-05-07,CV,16F,F
Fatima,1994-09-13,CW,12D,E
Sarah,1991-02-18,CX,19C,B
Eva,1988-06-24,CY,14A,C
John,1995-10-30,CZ,17B,A
Jack,1982-04-05,DE,21F,F
Karina,1999-08-11,DJ,15C,E
Abhi,1986-01-17,DK,20A,B
Gary,1993-05-23,DM,13B,C
Eve,1990-09-29,DO,18F,A
Himanshu,1987-03-05,DZ,16A,F
David,1994-07-11,EC,12C,E
Priya,1981-11-17,EE,19B,B
Alice,1998-04-23,EG,14F,C
Bob,1985-08-29,EH,17A,A
Carlos,1992-02-03,ER,21C,F
Fatima,1989-06-09,ES,15B,E
Sarah,1996-10-15,ET,20F,B
Eva,1983-03-21,FI,13A,C
John,2000-07-27,FJ,18C,A
Jack,1987-01-02,FK,16B,F
Karina,1994-05-08,FM,12F,E
Abhi,1991-09-14,FO,19A,B
Gary,1988-02-20,FR,14C,C
Eve,1995-06-26,GA,17B,A
Himanshu,1982-11-02,GB,21A,F
David,1999-04-08,GD,15F,E
Priya,1986-08-14,GE,20C,B
Alice,1993-01-20,GF,13B,C
Bob,1990-05-26,GG,18A,A
Carlos,1987-10-01,GH,16F,F
Fatima,1994-03-07,GI,12D,E
Sarah,1981-07-13,GL,19C,B
Eva,1998-12-19,GM,14A,C
John,1985-05-25,GN,17B,A
Jack,1992-09-30,GP,21F,F
Karina,1989-03-06,GQ,15C,E
Abhi,1996-07-12,GR,20A,B
Gary,1983-11-18,GS,13B,C
Eve,2000-04-24,GT,18F,A
Himanshu,1987-08-30,GU,16A,F
David,1994-02-04,GW,12C,E
Priya,1991-06-10,GY,19B,B
Alice,1988-10-16,HM,14F,C
Bob,1995-03-22,HN,17A,A
Carlos,1982-07-28,HR,21C,F
Fatima,1999-01-03,HT,15B,E
Sarah,1986-05-09,HU,20F,B
Eva,1993-09-15,ID,13A,C
John,1990-02-21,IE,18C,A
Jack,1987-06-27,IL,16B,F
Karina,1994-11-03,IM,12F,E
Abhi,1981-04-09,IN,19A,B
Gary,1998-08-15,IO,14C,C
Eve,1985-01-21,IQ,17B,A
Himanshu,1992-05-27,IR,21A,F
David,1989-10-02,IS,15F,E
Priya,1996-03-08,IT,20C,B
Alice,1983-07-14,JE,13B,C
Bob,2000-12-20,JM,18A,A
Carlos,1987-04-26,JO,16F,F
Fatima,1994-09-01,JP,12D,E
Sarah,1991-02-07,KE,19C,B
Eva,1988-06-13,KG,14A,C
John,1995-10-19,KH,17B,A
Jack,1982-03-25,KI,21F,F
Karina,1999-07-31,KM,15C,E
Abhi,1986-01-06,KN,20A,B
Gary,1993-05-12,KP,13B,C
Eve,1990-09-18,KR,18F,A
Himanshu,1987-02-24,KW,16A,F
David,1994-07-01,KY,12C,E
Priya,1981-11-07,KZ,19B,B
Alice,1998-04-13,LA,14F,C
Bob,1985-08-19,LB,17A,A
Carlos,1992-01-25,LC,21C,F
Fatima,1989-05-31,LI,15B,E
Sarah,1996-10-06,LK,20F,B
Eva,1983-03-12,LR,13A,C
John,2000-07-18,LS,18C,A
Jack,1987-12-24,LT,16B,F
Karina,1994-04-30,LU,12F,E
Abhi,1991-09-05,LV,19A,B
Gary,1988-02-11,LY,14C,C
Eve,1995-06-17,MA,17B,A
Himanshu,1982-10-23,MC,21A,F
David,1999-03-29,MD,15F,E
Priya,1986-08-04,ME,20C,B
Alice,1993-01-10,MF,13B,C
Bob,1990-05-16,MG,18A,A
Carlos,1987-09-22,MH,16F,F
Fatima,1994-02-27,MK,12D,E
Sarah,1981-07-05,ML,19C,B
Eva,1998-11-11,MM,14A,C
John,1985-04-17,MN,17B,A
Jack,1992-08-23,MO,21F,F
Karina,1989-02-28,MP,15C,E
Abhi,1996-07-06,MQ,20A,B
Gary,1983-11-12,MR,13B,C
Eve,2000-04-18,MS,18F,A
Himanshu,1987-08-24,MT,16A,F
David,1994-01-30,MU,12C,E
Priya,1991-06-05,MV,19B,B
Alice,1988-10-11,MW,14F,C
Bob,1995-03-17,MX,17A,A
Carlos,1982-07-23,MY,21C,F
Fatima,1999-12-29,MZ,15B,E
Sarah,1986-05-04,NA,20F,B
Eva,1993-09-10,NC,13A,C
John,1990-02-16,NE,18C,A
Jack,1987-06-22,NF,16B,F
Karina,1994-10-28,NG,12F,E
Abhi,1981-04-03,NI,19A,B
Gary,1998-08-09,NL,14C,C
Eve,1985-01-15,NO,17B,A
Himanshu,1992-05-21,NP,21A,F
David,1989-09-27,NR,15F,E
Priya,1996-03-03,NU,20C,B
Alice,1983-07-09,NZ,13B,C
Bob,2000-12-15,OM,18A,A
Carlos,1987-04-21,PA,16F,F
Fatima,1994-08-27,PE,12D,E
Sarah,1991-02-02,PF,19C,B
Eva,1988-06-08,PG,14A,C
John,1995-10-14,PH,17B,A
Jack,1982-03-20,PK,21F,F
Karina,1999-07-26,PL,15C,E
Abhi,1986-12-31,PM,20A,B
Gary,1993-05-07,PN,13B,C
Eve,1990-09-13,PR,18F,A
Himanshu,1987-02-19,PS,16A,F
David,1994-06-25,PT,12C,E
Priya,1981-11-01,PW,19B,B
Alice,1998-04-07,PY,14F,C
Bob,1985-08-13,QA,17A,A
Carlos,1992-01-19,RE,21C,F
Fatima,1989-05-25,RO,15B,E
Sarah,1996-09-30,RS,20F,B
Eva,1983-03-06,RU,13A,C
John,2000-07-12,RW,18C,A
Jack,1987-12-18,SA,16B,F
Karina,1994-04-24,SB,12F,E
Abhi,1991-08-30,SC,19A,B
Gary,1988-02-05,SD,14C,C
Eve,1995-06-11,SE,17B,A
Himanshu,1982-10-17,SG,21A,F
David,1999-03-23,SH,15F,E
Priya,1986-07-29,SI,20C,B
Alice,1993-01-04,SK,13B,C
Bob,1990-05-10,SL,18A,A
Carlos,1987-09-16,SM,16F,F
Fatima,1994-02-22,SN,12D,E
Sarah,1981-06-28,SO,19C,B
Eva,1998-11-04,SR,14A,C
John,1985-04-10,SS,17B,A
Jack,1992-08-16,ST,21F,F
Karina,1989-02-22,SV,15C,E
Abhi,1996-06-28,SX,20A,B
Gary,1983-11-04,SY,13B,C
Eve,2000-04-10,SZ,18F,A
Himanshu,1987-08-16,TC,16A,F
David,1994-01-22,TD,12C,E
Priya,1991-05-28,TF,19B,B
Alice,1988-10-03,TG,14F,C
Bob,1995-03-09,TH,17A,A
Carlos,1982-07-15,TJ,21C,F
Fatima,1999-12-21,TK,15B,E
Sarah,1986-04-27,TL,20F,B
Eva,1993-09-02,TM,13A,C
John,1990-02-08,TN,18C,A
Jack,1987-06-14,TO,16B,F
Karina,1994-10-20,TR,12F,E
Abhi,1981-03-26,TT,19A,B
Gary,1998-08-01,TV,14C,C
Eve,1985-01-07,TW,17B,A
Himanshu,1992-05-13,TZ,21A,F
David,1989-09-19,UA,15F,E
Priya,1996-02-25,UG,20C,B
Alice,1983-07-01,UM,13B,C
Bob,2000-12-07,US,18A,A
Carlos,1987-04-13,UY,16F,F
Fatima,1994-08-19,UZ,12D,E
Sarah,1991-01-25,VA,19C,B
Eva,1988-05-31,VC,14A,C
John,1995-10-06,VE,17B,A
Jack,1982-03-12,VG,21F,F
Karina,1999-07-18,VI,15C,E
Abhi,1986-12-24,VN,20A,B
Gary,1993-04-30,VU,13B,C
Eve,1990-09-05,WF,18F,A
Himanshu,1987-02-11,WS,16A,F
David,1994-06-17,XK,12C,E
Priya,1981-10-23,XP,19B,B
Alice,1998-03-29,YE,14F,C
Bob,1985-08-04,YT,17A,A
Carlos,1992-01-10,ZA,21C,F
Fatima,1989-05-16,ZM,15B,E
Sarah,1996-09-22,ZW,20F,B
Eva,1983-02-28,ZZ,13A,C